설치주소,경도,위도
서울특별시 용산구 원효로4가 118-16,126.9505507,37.53274874
서울특별시 용산구 원효로4가 114-36,126.9529661,37.53210615
서울특별시 용산구 원효로3가 250-10,126.9548552,37.53242617
서울특별시 용산구 원효로3가 56-1,126.9581928,37.53408127
서울특별시 용산구 원효로1가 45-1,126.969018,37.53988408
서울특별시 용산구 원효로2가 94-2,126.9615805,37.53503181
서울특별시 용산구 원효로2가 84-10,126.9617412,37.5356297
서울특별시 용산구 원효로1가 25-11,126.9665355,37.53828417
서울특별시 용산구 원효로1가 39-6,126.9689289,37.54040957
서울특별시 용산구 청파동3가 80-7,126.9704029,37.54176658
서울특별시 용산구 원효로2가 1-38,126.9663466,37.53771667
서울특별시 용산구 서계동 224-32,126.9686207,37.55374928
서울특별시 용산구 청파동1가 154-10,126.9702568,37.5489554
서울특별시 용산구 청파동2가 90-2,126.9702955,37.54510426
서울특별시 용산구 청파동2가 120-33,126.9708167,37.54557259
서울특별시 용산구 갈월동 51-19,126.9748112,37.5458198
서울특별시 용산구 용산동1가 1-1,126.9783879,37.54581862
서울특별시 용산구 후암동 251-16,126.9784338,37.54660638
서울특별시 용산구 후암동 244-4,126.9776012,37.54995167
서울특별시 용산구 후암동 77,126.9768985,37.55092091
서울특별시 용산구 후암동 100-1,126.9765519,37.55237757
서울특별시 용산구 후암동 105-192,126.977609,37.54836126
서울특별시 용산구 후암동 244-5,126.9781017,37.54810621
서울특별시 용산구 원효로1가 110-1,126.9709798,37.54163345
서울특별시 용산구 한강로3가 13-7,126.9638595,37.53259616
서울특별시 용산구 한강로3가 16-60,126.9565339,37.53197373
서울특별시 용산구 문배동 11-14 ,126.9696455,37.53746257
서울특별시 용산구 원효로1가 25-2 ,126.9663494,37.53850133
서울특별시 용산구 효창동 70-11,126.961915,37.53929195
서울특별시 용산구 용문동 5-222,126.9625667,37.53882324
서울특별시 용산구 효창동 188-1,126.9586197,37.54032126
서울특별시 용산구 서계동 233-4,126.9664804,37.55428948
서울특별시 용산구 이촌동 301-160,126.9808612,37.51874313
서울특별시 용산구 이촌동 402,126.9774682,37.51923414
서울특별시 용산구 이촌동 300-153 ,126.9727817,37.5200482
서울특별시 용산구 이촌동 410,126.9724923,37.52105561
서울특별시 용산구 이촌동 302-51,126.9698282,37.52085015
서울특별시 용산구 이촌동 399-1 ,126.9683998,37.52170496
서울특별시 용산구 이촌동 301-155,126.9670689,37.52185225
서울특별시 용산구 이촌동 300-153,126.9727817,37.5200482
서울특별시 용산구 이촌동 209-5,126.9547084,37.52787939
서울특별시 용산구 한강로3가 37-4,126.9551287,37.527647
서울특별시 용산구 이촌동 203-5,126.9560373,37.52612244
서울특별시 용산구 이촌동 193-1,126.9597141,37.52342601
서울특별시 용산구 한강로3가 40-879,126.9596495,37.52393763
서울특별시 용산구 한강로3가 65-154,126.9658077,37.52512979
서울특별시 용산구 한강로3가 65-555,126.9671481,37.52503187
서울특별시 용산구 용산동5가 17-12,126.975694,37.52212516
서울특별시 용산구 용산동6가 69-165 ,126.9851273,37.51877614
서울특별시 용산구 한강로3가 65-504,126.9693539,37.52370395
서울특별시 용산구 용산동6가 11-371,126.9785481,37.52119487
서울특별시 용산구 용산동6가 11-426 ,126.9788482,37.52287277
서울특별시 용산구 후암동 214-4,126.9780039,37.54702349
서울특별시 용산구 후암동 60-38,126.9774447,37.55047613
서울특별시 용산구 한남동 4-1,127.0121035,37.53778285
서울특별시 용산구 서계동 224-36,126.9689366,37.55333591
서울특별시 용산구 한남동 산10-214,127.0013454,37.53979106
서울특별시 용산구 한남동 253-4,127.0082729,37.53302888
서울특별시 용산구 동빙고동 295-1,126.9920329,37.52506941
서울특별시 용산구 동빙고동 7-43,126.9920061,37.52584016
서울특별시 용산구 용산동4가 19-2,126.9913847,37.52859089
서울특별시 용산구 이태원동 34-161,126.9913018,37.53050568
서울특별시 용산구 이태원동 559 ,126.9870766,37.53723911
서울특별시 용산구 용산동2가 7-116,126.9867583,37.53642887
서울특별시 용산구 용산동2가 5-1550,126.9886965,37.54391973
서울특별시 용산구 이촌동 205-3 ,126.9556085,37.52657367
서울특별시 용산구 후암동 30-84,126.9810841,37.55264501
서울특별시 용산구 후암동 30-84,126.9810841,37.55264501
서울특별시 용산구 후암동 406-98,126.9841686,37.54847776
서울특별시 용산구 용산동2가 1-1239,126.9856728,37.54646341
서울특별시 용산구 이태원동 260-373,126.9930586,37.54262841
서울특별시 용산구 이태원동 259-15,126.9953126,37.54281966
서울특별시 용산구 이태원동 258-466,126.9974159,37.54094957
서울특별시 용산구 용산동2가 1-1144,126.9856452,37.54629702
서울특별시 용산구 한강로3가 65-587,126.9635746,37.52410587
서울특별시 용산구 한강로2가 421 ,126.9657475,37.52801326
서울특별시 용산구 한강로2가 412,126.9711907,37.53110768
서울특별시 용산구 한강로2가 422-1,126.9675605,37.52993569
서울특별시 용산구 한강로2가 109-2,126.9704223,37.53140463
서울특별시 용산구 한강로2가 255-6,126.9704617,37.53223027
서울특별시 용산구 청파동2가 120-55 ,126.9709119,37.5443775
서울특별시 용산구 한강로1가 98,126.9742013,37.53594202
서울특별시 용산구 남영동 83-1 ,126.973149,37.54238811
서울특별시 용산구 남영동 61-4,126.972745,37.54347396
서울특별시 용산구 갈월동 5-8,126.9722943,37.5489445
서울특별시 용산구 갈월동 69-45,126.971883,37.54438466
서울특별시 용산구 갈월동 89-9,126.971893,37.54333367
서울특별시 용산구 갈월동 101-23,126.9726668,37.54177919
서울특별시 용산구 동자동 12-1,126.9740514,37.55344077
서울특별시 용산구 갈월동 93-30,126.9718655,37.54223505
서울특별시 용산구 갈월동 98-5,126.9717183,37.54166351
서울특별시 용산구 한강로2가 421-2,126.9665057,37.52804988
서울특별시 용산구 한강로3가 40-148,126.9638088,37.52510467
서울특별시 용산구 한강로3가 40-19,126.9621606,37.52377946
서울특별시 용산구 한강로2가 422-2 ,126.9663578,37.52913271
서울특별시 용산구 한강로2가 2-37 ,126.9677933,37.53021067
서울특별시 용산구 한강로3가 40-1050,126.9646296,37.52799847
서울특별시 용산구 한남동 108 ,127.0064564,37.53133129
서울특별시 용산구 한남동 638-2,127.0046767,37.53337152
서울특별시 용산구 산천동 81-1,126.95153,37.53436278
서울특별시 용산구 보광동 90-2,127.0016188,37.52542858
서울특별시 용산구 한강로3가 63-389 ,126.9691376,37.52500907
서울특별시 용산구 한남동 522-44 ,127.0073733,37.52983589
서울특별시 용산구 한남동 259-6,127.0081407,37.53354296
서울특별시 용산구 이태원동 673,126.9871066,37.53813028
서울특별시 용산구 이태원동 671,126.9871591,37.53852941
서울특별시 용산구 한남동 726-494,127.0018632,37.5408403
서울특별시 용산구 후암동 406-97,126.9844197,37.5477846
서울특별시 용산구 보광동 238-98,126.9964825,37.5304259
서울특별시 용산구 한남동 726-420,127.0032586,37.5419906
서울특별시 용산구 용산동2가 7-116 ,126.9867583,37.53642887
서울특별시 용산구 한남동 657-59,127.0038947,37.53359832
서울특별시 용산구 한남동 638-2,127.0046767,37.53337152
서울특별시 용산구 한강로3가 16-3 ,126.9545057,37.53010866
서울특별시 용산구 이촌동 302-61 ,126.968411,37.52107298
서울특별시 용산구 한강로2가 250-1,126.9699471,37.53167366
서울특별시 용산구 청파동3가 12-4,126.9710409,37.54262459
서울특별시 용산구 후암동 406-97,126.9844197,37.5477846
서울특별시 용산구 용산동4가 1-1 ,126.9875922,37.53432532
서울특별시 용산구 용산동4가 1-1 ,126.9875922,37.53432532
서울특별시 용산구 이태원동 34-114,126.9886294,37.53431034
서울특별시 용산구 이태원동 34-114,126.9886294,37.53431034
서울특별시 용산구 이태원동 57-30,126.9900061,37.53405919
서울특별시 용산구 이태원동 57-30,126.9900061,37.53405919
서울특별시 용산구 이태원동 176-2,126.9907176,37.53449301
서울특별시 용산구 이태원동 176-2,126.9907176,37.53449301
서울특별시 용산구 이태원동 58-8,126.9905722,37.53404213
서울특별시 용산구 이태원동 58-8,126.9905722,37.53404213
서울특별시 용산구 이태원동 168-17,126.9916845,37.53452342
서울특별시 용산구 이태원동 168-17,126.9916845,37.53452342
서울특별시 용산구 이태원동 72-35 ,126.9920923,37.53420307
서울특별시 용산구 이태원동 72-35 ,126.9920923,37.53420307
서울특별시 용산구 이태원동 119-11,126.9930525,37.53470098
서울특별시 용산구 이태원동 119-11,126.9930525,37.53470098
서울특별시 용산구 이태원동 108-9,126.9938627,37.53475804
서울특별시 용산구 이태원동 108-9,126.9938627,37.53475804
서울특별시 용산구 이태원동 127-12,126.9942094,37.53426822
서울특별시 용산구 이태원동 127-12,126.9942094,37.53426822
서울특별시 용산구 이태원동 123-26,126.9952779,37.53481698
서울특별시 용산구 이태원동 123-26,126.9952779,37.53481698
서울특별시 용산구 이태원동 124-9,126.9965925,37.53481918
서울특별시 용산구 이태원동 124-9,126.9965925,37.53481918
서울특별시 용산구 한남동 736-1,126.9988418,37.53493701
서울특별시 용산구 한남동 736-1,126.9988418,37.53493701
서울특별시 용산구 한남동 683-130,127.0011732,37.53724143
서울특별시 용산구 한남동 683-130,127.0011732,37.53724143
서울특별시 용산구 한남동 739-1,127.0012851,37.53823967
서울특별시 용산구 한남동 739-16,127.0003391,37.53712225
서울특별시 용산구 이태원동 34-16 ,126.9888368,37.53392083
서울특별시 용산구 이태원동 34-16 ,126.9888368,37.53392083
서울특별시 용산구 이태원동 34-87,126.9901936,37.53254283
서울특별시 용산구 이태원동 34-87,126.9901936,37.53254283
서울특별시 용산구 이태원동 130-50,126.9940998,37.53350188
서울특별시 용산구 이태원동 130-50,126.9940998,37.53350188
서울특별시 용산구 한남동 727-56,127.0026927,37.54080636
서울특별시 용산구 한남동 727-56,127.0026927,37.54080636
서울특별시 용산구 한남동 707-10,127.0061236,37.53644919
서울특별시 용산구 한남동 707-10,127.0061236,37.53644919
서울특별시 용산구 한남동 705-10,127.0055725,37.53568655
서울특별시 용산구 한남동 705-10,127.0055725,37.53568655
서울특별시 용산구 한남동 705-10,127.0055725,37.53568655
서울특별시 용산구 한남동 705-10,127.0055725,37.53568655
서울특별시 용산구 한남동 705-9,127.0054278,37.53550104
서울특별시 용산구 한남동 705-9,127.0054278,37.53550104
서울특별시 용산구 한남동 76-16,127.0068582,37.53343323
서울특별시 용산구 한남동 76-16,127.0068582,37.53343323
서울특별시 용산구 한강로3가 65-523,126.9627751,37.52372027
서울특별시 용산구 한강로3가 65-522,126.9633363,37.5243073
서울특별시 용산구 한강로2가 357-3,126.9662023,37.52732051
서울특별시 용산구 한강로2가 352-4,126.9666739,37.52783519
서울특별시 용산구 한강로2가 352-4,126.9666739,37.52783519
서울특별시 용산구 한강로1가 268-2,126.973425,37.5351602
서울특별시 용산구 한강로1가 42,126.9742396,37.53647246
서울특별시 용산구 한강로1가 42,126.9742396,37.53647246
서울특별시 용산구 한강로1가 42,126.9742396,37.53647246
서울특별시 용산구 갈월동 97-1,126.9727031,37.542347
서울특별시 용산구 갈월동 87-25,126.9723338,37.54378844
서울특별시 용산구 동자동 14-3,126.9721689,37.55088771
서울특별시 용산구 동자동 43-212,126.9717794,37.54955537
서울특별시 용산구 용산동2가 48-1,126.9875944,37.54100978
서울특별시 용산구 용산동2가 48-1,126.9875944,37.54100978
서울특별시 용산구 한강로1가 120-2 ,126.9742505,37.53502183
서울특별시 용산구 한강로1가 120-2 ,126.9742505,37.53502183
서울특별시 용산구 용산동3가 1-96,126.9754551,37.53440842
서울특별시 용산구 용산동3가 1-96,126.9754551,37.53440842
서울특별시 용산구 용산동1가 8-65,126.9774118,37.53478857
서울특별시 용산구 용산동1가 8-65,126.9774118,37.53478857
서울특별시 용산구 용산동2가 6-6,126.9845242,37.53501916
서울특별시 용산구 용산동2가 6-6,126.9845242,37.53501916
서울특별시 용산구 용산동4가 4,126.9855141,37.5344961
서울특별시 용산구 용산동4가 4,126.9855141,37.5344961
서울특별시 용산구 한강로3가 40-999,126.9640254,37.52958026
서울특별시 용산구 한강로3가 40-999,126.9640254,37.52958026
서울특별시 용산구 한강로2가 423-5,126.9656056,37.52834126
서울특별시 용산구 한강로1가 14-29,126.9746396,37.53631075
서울특별시 용산구 서빙고동 235-115,126.9906036,37.52051389
서울특별시 용산구 서빙고동 235-75,126.9898188,37.52012972
서울특별시 용산구 서빙고동 235-1,126.9918774,37.52144689
서울특별시 용산구 원효로4가 113-54 ,126.9550691,37.53175405
서울특별시 용산구 남영동 24-1,126.9725855,37.54430562
서울특별시 용산구 갈월동 14-58,126.9721582,37.54654461
서울특별시 용산구 갈월동 69-109,126.9715486,37.54629805
서울특별시 용산구 갈월동 90-5,126.9721572,37.54325708
서울특별시 용산구 신창동 56-68,126.9549837,37.53561887
서울특별시 용산구 원효로2가 96-1,126.9618097,37.53458032
서울특별시 용산구 원효로1가 23-3,126.9649472,37.53852988
서울특별시 용산구 한남동 533-2,127.0069326,37.52896727
서울특별시 용산구 한남동 557-58,127.0065871,37.52870524
서울특별시 용산구 남영동 131-1,126.973707,37.54071822
서울특별시 용산구 남영동 131-1,126.973707,37.54071822
서울특별시 용산구 갈월동 63-1,126.9724772,37.54532421
서울특별시 용산구 갈월동 63-1,126.9724772,37.54532421
서울특별시 용산구 갈월동 71-37 ,126.9711875,37.54895589
서울특별시 용산구 갈월동 71-37 ,126.9711875,37.54895589
서울특별시 용산구 갈월동 92-12,126.9723729,37.54224901
서울특별시 용산구 갈월동 92-12,126.9723729,37.54224901
서울특별시 용산구 한강로2가 181-2,126.9683122,37.52983397
서울특별시 용산구 한강로2가 181-2,126.9683122,37.52983397
서울특별시 용산구 한남동 727-35,127.0030905,37.54116974
서울특별시 용산구 한남동 727-35,127.0030905,37.54116974
서울특별시 용산구 서빙고동 10-2 ,126.991122,37.52433749
서울특별시 용산구 동빙고동 170-1 ,126.9962359,37.52055417
서울특별시 용산구 원효로3가 51-54,126.9580884,37.53303285
서울특별시 용산구 원효로4가 141,126.9506041,37.53339717
서울특별시 용산구 용문동 5-222 ,126.9625667,37.53882324
서울특별시 용산구 원효로1가 112-10,126.9706235,37.54105091
서울특별시 용산구 남영동 18-3,126.9722929,37.54493141
서울특별시 용산구 서빙고동 271-106,126.9854212,37.51723069
서울특별시 용산구 한강로2가 102-1 ,126.970284,37.53160008
서울특별시 용산구 한강로2가 102-1 ,126.970284,37.53160008
서울특별시 용산구 한강로2가 102-1 ,126.970284,37.53160008
서울특별시 용산구 한강로2가 102-1 ,126.970284,37.53160008
서울특별시 용산구 한강로2가 420-3 ,126.9656024,37.52710772
서울특별시 용산구 한강로2가 420 ,126.965305,37.52727379
서울특별시 용산구 한강로3가 16-26,126.9583534,37.53252807
서울특별시 용산구 한강로3가 3-44,126.9636015,37.53295843
서울특별시 용산구 원효로1가 133-3,126.9674637,37.53834399
서울특별시 용산구 문배동 8-3,126.9707391,37.53819069
서울특별시 용산구 효창동 126-22,126.9615824,37.54001151
서울특별시 용산구 효창동 5-36,126.9623165,37.54165104
서울특별시 용산구 청파동2가 134-5 ,126.9633185,37.54633355
서울특별시 용산구 서계동 217-12 ,126.9688671,37.55484945
서울특별시 용산구 용산동5가 19-1 ,126.9709597,37.52347017
서울특별시 용산구 한강로3가 65-503,126.9715662,37.52301632
서울특별시 용산구 서빙고동 199-5,126.9910029,37.52059825
서울특별시 용산구 용산동4가 10-4 ,126.9884754,37.5334086
서울특별시 용산구 용산동4가 19-2 ,126.9913847,37.52859089
서울특별시 용산구 서빙고동 4-137 ,126.990312,37.52244134
서울특별시 용산구 한강로3가 40-17,126.962825,37.52427671
서울특별시 용산구 한남동 736-11,126.9970558,37.53453378
서울특별시 용산구 한남동 736-8,126.9981436,37.53469114
서울특별시 용산구 한남동 739-16,127.0003391,37.53712225
서울특별시 용산구 한남동 737-4,126.9987986,37.53564632
서울특별시 용산구 후암동 175-9 ,126.9769641,37.54590685
서울특별시 용산구 이촌동 212-22,126.9542328,37.52955347
서울특별시 용산구 이촌동 300-301,126.9760765,37.51853789
서울특별시 용산구 동자동 44-6,126.9693314,37.55432367
서울특별시 용산구 동자동 43-19,126.9718792,37.55118901
서울특별시 용산구 이태원동 124-5,126.9956638,37.53480694
서울특별시 용산구 서빙고동 235-11 ,126.9913902,37.52195723
서울특별시 용산구 한강로2가 420-3 ,126.9656024,37.52710772
서울특별시 용산구 효창동 3-292,126.9632398,37.54686566
서울특별시 용산구 용산동2가 7-116,126.9867583,37.53642887
서울특별시 용산구 이태원동 128-9,126.993237,37.53423652
서울특별시 용산구 보광동 217-23,127.0005096,37.52637189
서울특별시 용산구 한남동 262-1,127.0083372,37.53413075
서울특별시 용산구 한남동 522-1,127.0077151,37.53033777
서울특별시 용산구 한남동 726-465,127.0023532,37.54606567
서울특별시 용산구 이촌동 301-10,126.9745979,37.52003066
서울특별시 용산구 원효로2가 27-3,126.9636768,37.53631297
서울특별시 용산구 후암동 262-3,126.9809565,37.54681104
서울특별시 용산구 남영동 3-4,126.9732263,37.54509581
서울특별시 용산구 서계동 267-14,126.9628802,37.55164344
서울특별시 용산구 효창동 251-3,126.9612084,37.53949978
서울특별시 용산구 청파동2가 64-18,126.9665894,37.54483995
서울특별시 용산구 문배동 11-25,126.9697468,37.53781193
서울특별시 용산구 이태원동 22-44,126.9939266,37.53142391
