관리번호,시도명,시군구명,쓰레기통종류,설치주소,상세위치,관리기관,관리기관전화번호
1,서울특별시,용산구,일반쓰레기,서울특별시 용산구 원효로4가 118-16,산호아파트 앞 삼거리 횡단보도 버스정류장(03-299),용산구청 청소행정과,02-2199-7304
2,서울특별시,용산구,일반쓰레기,서울특별시 용산구 원효로4가 114-36,원효로4가 현대자동차서비스(원효로3가방면) 버스정류장(03-301) ,용산구청 청소행정과,02-2199-7304
3,서울특별시,용산구,일반쓰레기,서울특별시 용산구 원효로3가 250-10,목월공원 앞,용산구청 청소행정과,02-2199-7304
4,서울특별시,용산구,일반쓰레기,서울특별시 용산구 원효로3가 56-1,원효로3가 시범아파트 버스정류장(03-146),용산구청 청소행정과,02-2199-7304
5,서울특별시,용산구,일반쓰레기,서울특별시 용산구 원효로1가 45-1,유닉스빌딩 앞 버스정류장(03-140) ,용산구청 청소행정과,02-2199-7304
6,서울특별시,용산구,일반쓰레기,서울특별시 용산구 원효로2가 94-2,원효아파트 앞 횡단보도,용산구청 청소행정과,02-2199-7304
7,서울특별시,용산구,일반쓰레기,서울특별시 용산구 원효로2가 84-10,열린 동물병원 앞,용산구청 청소행정과,02-2199-7304
8,서울특별시,용산구,일반쓰레기,서울특별시 용산구 원효로1가 25-11,꿈나무종합타운 앞,용산구청 청소행정과,02-2199-7304
9,서울특별시,용산구,일반쓰레기,서울특별시 용산구 원효로1가 39-6,용산경찰서 입구(GS25 편의점 앞) ,용산구청 청소행정과,02-2199-7304
10,서울특별시,용산구,일반쓰레기,서울특별시 용산구 청파동3가 80-7,선린인터넷고등학교 입구( CU편의점 앞 ),용산구청 청소행정과,02-2199-7304
11,서울특별시,용산구,일반쓰레기,서울특별시 용산구 원효로2가 1-38,꿈나무종합타운 보건분소 앞 사거리(해오름공인중개사),용산구청 청소행정과,02-2199-7304
12,서울특별시,용산구,일반쓰레기,서울특별시 용산구 서계동 224-32,소화아동병원 앞(택시정류장),용산구청 청소행정과,02-2199-7304
13,서울특별시,용산구,일반쓰레기,서울특별시 용산구 청파동1가 154-10,청파동(서계동방면) 버스정류장(03-126),용산구청 청소행정과,02-2199-7304
14,서울특별시,용산구,일반쓰레기,서울특별시 용산구 청파동2가 90-2,숙대입구역 청파동주민센터버스정류장(13-129) 뚜레주르 앞,용산구청 청소행정과,02-2199-7304
15,서울특별시,용산구,일반쓰레기,서울특별시 용산구 청파동2가 120-33,숙대입구역 청파동주민센터버스정류장(03-128) ,용산구청 청소행정과,02-2199-7304
16,서울특별시,용산구,일반쓰레기,서울특별시 용산구 갈월동 51-19,갈월동종합사회복지관 택시정류장,용산구청 청소행정과,02-2199-7304
17,서울특별시,용산구,일반쓰레기,서울특별시 용산구 용산동1가 1-1,용산고등학교  앞 사거리( 구두 수선 앞),용산구청 청소행정과,02-2199-7304
18,서울특별시,용산구,일반쓰레기,서울특별시 용산구 후암동 251-16,스마일치과의원 건너편 버스정류장(03-203),용산구청 청소행정과,02-2199-7304
19,서울특별시,용산구,일반쓰레기,서울특별시 용산구 후암동 244-4,SC제일은행 앞 버스정류장(03-201),용산구청 청소행정과,02-2199-7304
20,서울특별시,용산구,일반쓰레기,서울특별시 용산구 후암동 77,후암시장(삼강의원방면) 버스정류장(03-200),용산구청 청소행정과,02-2199-7304
21,서울특별시,용산구,일반쓰레기,서울특별시 용산구 후암동 100-1,후암삼거리 버스정류장(03-199) 클라라 잡화,용산구청 청소행정과,02-2199-7304
22,서울특별시,용산구,일반쓰레기,서울특별시 용산구 후암동 105-192,진흥빌딩 앞 마을버스정류장(03-577),용산구청 청소행정과,02-2199-7304
23,서울특별시,용산구,일반쓰레기,서울특별시 용산구 후암동 244-5,진흥빌딩 건너편 그랜드아파트 횡단보도 앞,용산구청 청소행정과,02-2199-7304
24,서울특별시,용산구,일반쓰레기,서울특별시 용산구 원효로1가 110-1,원효로1가 선린교차로 현수막 거치대옆(남영지하차도입구),용산구청 청소행정과,02-2199-7304
25,서울특별시,용산구,일반쓰레기,서울특별시 용산구 한강로3가 13-7,전자상가관광터미널(신용산역3번출구방면) 버스정류장(03-252),용산구청 청소행정과,02-2199-7304
26,서울특별시,용산구,일반쓰레기,서울특별시 용산구 한강로3가 16-60,용산전자상가 한동빌딩 세븐일레븐(원효대교북단방면) 버스정류장(03-138),용산구청 청소행정과,02-2199-7304
27,서울특별시,용산구,일반쓰레기,서울특별시 용산구 문배동 11-14 ,삼각지 고가 등기소 건너편 마을버스정류장(03-552),용산구청 청소행정과,02-2199-7304
28,서울특별시,용산구,일반쓰레기,서울특별시 용산구 원효로1가 25-2 ,꿈나무종합타운 보건분소 앞 횡단보도,용산구청 청소행정과,02-2199-7304
29,서울특별시,용산구,일반쓰레기,서울특별시 용산구 효창동 70-11,효창공원역 2번출구 횡단보도(효창동물병원),용산구청 청소행정과,02-2199-7304
30,서울특별시,용산구,일반쓰레기,서울특별시 용산구 용문동 5-222,효창공원역 3번출구(버스정류장03-180),용산구청 청소행정과,02-2199-7304
31,서울특별시,용산구,일반쓰레기,서울특별시 용산구 효창동 188-1,푸르지오아파트 앞 버스정류장(03-178),용산구청 청소행정과,02-2199-7304
32,서울특별시,용산구,일반쓰레기,서울특별시 용산구 서계동 233-4,손기정체육공원 버스정류장(03-228),용산구청 청소행정과,02-2199-7304
33,서울특별시,용산구,일반쓰레기,서울특별시 용산구 이촌동 301-160,현대아파트 21동 상가 앞,용산구청 청소행정과,02-2199-7304
34,서울특별시,용산구,일반쓰레기,서울특별시 용산구 이촌동 402,강촌아파트 버스정류장(03-221),용산구청 청소행정과,02-2199-7304
35,서울특별시,용산구,일반쓰레기,서울특별시 용산구 이촌동 300-153 ,신용산 초등학교 건너편(이상윤동물병원앞) 북동쪽 모서리 상가 앞,용산구청 청소행정과,02-2199-7304
36,서울특별시,용산구,일반쓰레기,서울특별시 용산구 이촌동 410,이촌파출소 앞 버스정류장(03-217) ,용산구청 청소행정과,02-2199-7304
37,서울특별시,용산구,일반쓰레기,서울특별시 용산구 이촌동 302-51,동부이촌동 국민은행 앞,용산구청 청소행정과,02-2199-7304
38,서울특별시,용산구,일반쓰레기,서울특별시 용산구 이촌동 399-1 ,"이촌동두산위브아파트 앞 버스정류장(03-215, 03-733) ",용산구청 청소행정과,02-2199-7304
39,서울특별시,용산구,일반쓰레기,서울특별시 용산구 이촌동 301-155,두산위브아파트 앞 횡단보도,용산구청 청소행정과,02-2199-7304
40,서울특별시,용산구,일반쓰레기,서울특별시 용산구 이촌동 300-153,한강맨션 앞 버스정류장(이민재 소아청소년과) 북서쪽 상가  앞,용산구청 청소행정과,02-2199-7304
41,서울특별시,용산구,일반쓰레기,서울특별시 용산구 이촌동 209-5,이촌2동 주민센터(이촌2동대림아파트방면) 버스정류장(03-291),용산구청 청소행정과,02-2199-7304
42,서울특별시,용산구,일반쓰레기,서울특별시 용산구 한강로3가 37-4,이촌2동 주민센터(이촌2동부영주유소방면) 버스정류장(03-290),용산구청 청소행정과,02-2199-7304
43,서울특별시,용산구,일반쓰레기,서울특별시 용산구 이촌동 203-5,대림아파트 버스정류장(03-293)(새남터성당입구횡단보도),용산구청 청소행정과,02-2199-7304
44,서울특별시,용산구,일반쓰레기,서울특별시 용산구 이촌동 193-1,강변맨션 앞 버스정류장(03-295) ,용산구청 청소행정과,02-2199-7304
45,서울특별시,용산구,일반쓰레기,서울특별시 용산구 한강로3가 40-879,동아아파트 건너편 버스정류장(03-294) 함흥냉면 앞,용산구청 청소행정과,02-2199-7304
46,서울특별시,용산구,일반쓰레기,서울특별시 용산구 한강로3가 65-154,용산역사박물관 앞 버스정류장(03-259),용산구청 청소행정과,02-2199-7304
47,서울특별시,용산구,일반쓰레기,서울특별시 용산구 한강로3가 65-555,용산철도고등학교 앞 횡단보도,용산구청 청소행정과,02-2199-7304
48,서울특별시,용산구,일반쓰레기,서울특별시 용산구 용산동5가 17-12,이촌역 2번출구 ,용산구청 청소행정과,02-2199-7304
49,서울특별시,용산구,일반쓰레기,서울특별시 용산구 용산동6가 69-165 ,온누리교회 앞 버스정류장(03-728) ,용산구청 청소행정과,02-2199-7304
50,서울특별시,용산구,일반쓰레기,서울특별시 용산구 한강로3가 65-504,철우아파트 옆 버스정류장(03-261),용산구청 청소행정과,02-2199-7304
51,서울특별시,용산구,일반쓰레기,서울특별시 용산구 용산동6가 11-371,국립중앙박물관 정문 앞 횡단보도,용산구청 청소행정과,02-2199-7304
52,서울특별시,용산구,일반쓰레기,서울특별시 용산구 용산동6가 11-426 ,국립중앙박물관 버스정류장(가족공원쪽)(03-266),용산구청 청소행정과,02-2199-7304
53,서울특별시,용산구,일반쓰레기,서울특별시 용산구 후암동 214-4,후암동 214-4 앞,용산구청 청소행정과,02-2199-7304
54,서울특별시,용산구,일반쓰레기,서울특별시 용산구 후암동 60-38,후암시장(우측)입구 횡단보도 앞,용산구청 청소행정과,02-2199-7304
55,서울특별시,용산구,일반쓰레기,서울특별시 용산구 한남동 4-1,한남시범아파트버스정류장(03-211) ,용산구청 청소행정과,02-2199-7304
56,서울특별시,용산구,일반쓰레기,서울특별시 용산구 서계동 224-36,서울역공항철도15번출구. 국립극단버스정류장(03-345),용산구청 청소행정과,02-2199-7304
57,서울특별시,용산구,일반쓰레기,서울특별시 용산구 한남동 산10-214,한남2치안센터옆 공원입구 ,용산구청 청소행정과,02-2199-7304
58,서울특별시,용산구,일반쓰레기,서울특별시 용산구 한남동 253-4,한남오거리(순천향대학방면-북한남삼거리방면) 버스정류장(03-166) ,용산구청 청소행정과,02-2199-7304
59,서울특별시,용산구,일반쓰레기,서울특별시 용산구 동빙고동 295-1,한강중학교(반포한강공원방면) 버스정류장(03-156) ,용산구청 청소행정과,02-2199-7304
60,서울특별시,용산구,일반쓰레기,서울특별시 용산구 동빙고동 7-43,한강중학교건너편(용산구청방면) 버스정류장(03-155) ,용산구청 청소행정과,02-2199-7304
61,서울특별시,용산구,일반쓰레기,서울특별시 용산구 용산동4가 19-2,용산구청(한강중학교 앞방면) 버스정류장(03-154),용산구청 청소행정과,02-2199-7304
62,서울특별시,용산구,일반쓰레기,서울특별시 용산구 이태원동 34-161,용산구청(국군재정관리단방면) 버스정류장(03-153),용산구청 청소행정과,02-2199-7304
63,서울특별시,용산구,일반쓰레기,서울특별시 용산구 이태원동 559 ,국군재정관리단 앞(이태원동남산대림아파트 방면) 버스정류장(03-152) ,용산구청 청소행정과,02-2199-7304
64,서울특별시,용산구,일반쓰레기,서울특별시 용산구 용산동2가 7-116,해방촌(용산구청 방면) 버스정류장(03-151),용산구청 청소행정과,02-2199-7304
65,서울특별시,용산구,일반쓰레기,서울특별시 용산구 용산동2가 5-1550,용암초등학교입구(남산3호터널 앞) 버스정류장(03-148),용산구청 청소행정과,02-2199-7304
66,서울특별시,용산구,일반쓰레기,서울특별시 용산구 이촌동 205-3 ,방태산식당 앞(이촌2동주민센터 문화시설보건소셔틀버스정류장),용산구청 청소행정과,02-2199-7304
67,서울특별시,용산구,일반쓰레기,서울특별시 용산구 후암동 30-84,남산도서관 앞(두텁바위마을표지석 앞) 버스정류장(03-168),용산구청 청소행정과,02-2199-7304
68,서울특별시,용산구,일반쓰레기,서울특별시 용산구 후암동 30-84,남산도서관(백범광장방면) 버스정류장(03-167) ,용산구청 청소행정과,02-2199-7304
69,서울특별시,용산구,일반쓰레기,서울특별시 용산구 후암동 406-98,후암약수터(보성여중고입구방면) 버스정류장(03-170),용산구청 청소행정과,02-2199-7304
70,서울특별시,용산구,일반쓰레기,서울특별시 용산구 용산동2가 1-1239,보성여중고입구(후암약수터방면) 버스정류장(03-171) ,용산구청 청소행정과,02-2199-7304
71,서울특별시,용산구,일반쓰레기,서울특별시 용산구 이태원동 260-373,남산체육관(하얏트호텔방면) 버스정류장(03-174) ,용산구청 청소행정과,02-2199-7304
72,서울특별시,용산구,일반쓰레기,서울특별시 용산구 이태원동 259-15,하얏트 호텔(남산체육관방면) 버스정류장(03-175) 이광희뷰티크 건너편 ,용산구청 청소행정과,02-2199-7304
73,서울특별시,용산구,일반쓰레기,서울특별시 용산구 이태원동 258-466,하얏트 호텔(서울시중부기술교육원 블루스퀘어방면) 버스정류장(03-176),용산구청 청소행정과,02-2199-7304
74,서울특별시,용산구,일반쓰레기,서울특별시 용산구 용산동2가 1-1144,보성여중고입구(용암초등학교 이태원2동주민센터방면) 버스정류장(03-172),용산구청 청소행정과,02-2199-7304
75,서울특별시,용산구,일반쓰레기,서울특별시 용산구 한강로3가 65-587,LG유플러스 앞 횡단보도(도심),용산구청 청소행정과,02-2199-7304
76,서울특별시,용산구,일반쓰레기,서울특별시 용산구 한강로2가 222-5,용산센트럴파크타워 북서쪽 한강대로변,용산구청 청소행정과,02-2199-7304
77,서울특별시,용산구,일반쓰레기,서울특별시 용산구 한강로2가 421 ,푸르지오써밋 래미안 사이 잔디밭,용산구청 청소행정과,02-2199-7304
78,서울특별시,용산구,일반쓰레기,서울특별시 용산구 한강로2가 412,용산우체국 앞( 택시정류장 앞 ) ,용산구청 청소행정과,02-2199-7304
79,서울특별시,용산구,일반쓰레기,서울특별시 용산구 한강로2가 422-1,신용산역 마을버스정류장(03-561),용산구청 청소행정과,02-2199-7304
80,서울특별시,용산구,일반쓰레기,서울특별시 용산구 한강로2가 109-2,KT 용산지점 마을버스정류장(03-564) 횡단보도,용산구청 청소행정과,02-2199-7304
81,서울특별시,용산구,일반쓰레기,서울특별시 용산구 한강로2가 255-6,KT 앞 중앙버스정류장 횡단보도(피터팬부동산),용산구청 청소행정과,02-2199-7304
82,서울특별시,용산구,일반쓰레기,서울특별시 용산구 청파동2가 120-55 ,숙대입구역 버스정류장(03-229,용산구청 청소행정과,02-2199-7304
83,서울특별시,용산구,일반쓰레기,서울특별시 용산구 한강로1가 98,삼각지 안전지대 횡단보도 (LG자이아파트 앞 ),용산구청 청소행정과,02-2199-7304
84,서울특별시,용산구,일반쓰레기,서울특별시 용산구 남영동 83-1 ,CU편의점 앞 횡단보도,용산구청 청소행정과,02-2199-7304
85,서울특별시,용산구,일반쓰레기,서울특별시 용산구 남영동 61-4,신한은행 숙명여대입구역점 앞(서울역방면),용산구청 청소행정과,02-2199-7304
86,서울특별시,용산구,일반쓰레기,서울특별시 용산구 갈월동 5-8,갈월동 갑을빌딩 앞(모델하우스),용산구청 청소행정과,02-2199-7304
87,서울특별시,용산구,일반쓰레기,서울특별시 용산구 갈월동 69-45,갈월동 숙대입구 지하철역 9번출구 앞,용산구청 청소행정과,02-2199-7304
88,서울특별시,용산구,일반쓰레기,서울특별시 용산구 갈월동 89-9,숙명여대 중앙버스정류장(롯데리아 앞),용산구청 청소행정과,02-2199-7304
89,서울특별시,용산구,일반쓰레기,서울특별시 용산구 갈월동 101-23,남영역 고려빌딩 앞 (우),용산구청 청소행정과,02-2199-7304
90,서울특별시,용산구,일반쓰레기,서울특별시 용산구 동자동 12-1,게이트웨이타워 버스정류장(03-198) 옆 횡단보도,용산구청 청소행정과,02-2199-7304
91,서울특별시,용산구,일반쓰레기,서울특별시 용산구 갈월동 93-30,남영역 마을버스정류장(03-110) 신우성약국 앞,용산구청 청소행정과,02-2199-7304
92,서울특별시,용산구,일반쓰레기,서울특별시 용산구 갈월동 98-5,남영역 앞 횡단보도,용산구청 청소행정과,02-2199-7304
93,서울특별시,용산구,일반쓰레기,서울특별시 용산구 한강로2가 421-2,푸르지오써밋 래미안 사이 잔디밭 동쪽,용산구청 청소행정과,02-2199-7304
94,서울특별시,용산구,일반쓰레기,서울특별시 용산구 한강로3가 40-148,한강로동 농협 앞 버스정류장(03-122) ,용산구청 청소행정과,02-2199-7304
95,서울특별시,용산구,일반쓰레기,서울특별시 용산구 한강로3가 40-19,베르가모 앞 ,용산구청 청소행정과,02-2199-7304
96,서울특별시,용산구,일반쓰레기,서울특별시 용산구 한강로2가 422-2 ,용산역 앞 횡단보도 건너편 ,용산구청 청소행정과,02-2199-7304
97,서울특별시,용산구,일반쓰레기,서울특별시 용산구 한강로2가 2-37 ,신용산지하차도입구 파리바게트 횡단보도앞 ,용산구청 청소행정과,02-2199-7304
98,서울특별시,용산구,일반쓰레기,서울특별시 용산구 한강로3가 40-1050,나인트리 프리미어 로카우스 횡단보도,용산구청 청소행정과,02-2199-7304
99,서울특별시,용산구,일반쓰레기,서울특별시 용산구 한남동 108 ,한남역 용산노인종합복지관(한남동 하이페리온방면) 버스정류장(03-285),용산구청 청소행정과,02-2199-7304
100,서울특별시,용산구,일반쓰레기,서울특별시 용산구 한남동 638-2,순천향대병원 앞 택시정류장 ,용산구청 청소행정과,02-2199-7304
101,서울특별시,용산구,일반쓰레기,서울특별시 용산구 산천동 81-1,원효로2동 주민센터 버스정류장(03-304),용산구청 청소행정과,02-2199-7304
102,서울특별시,용산구,일반쓰레기,서울특별시 용산구 보광동 90-2,보광동 신동아아파트(기업은행보광동지점방면) 버스정류장(03-277),용산구청 청소행정과,02-2199-7304
103,서울특별시,용산구,일반쓰레기,서울특별시 용산구 한강로3가 63-389 ,서빙고로 35 파크시티 앞 삼거리 횡단보도,용산구청 청소행정과,02-2199-7304
104,서울특별시,용산구,일반쓰레기,서울특별시 용산구 한남동 522-44 ,동원베네스트 공영주차장 사이 횡단보도,용산구청 청소행정과,02-2199-7304
105,서울특별시,용산구,일반쓰레기,서울특별시 용산구 한남동 259-6,한남동(한남시범아파트방면) 버스정류장(03-213)(현대리버티하우스 KEB하나은행 앞),용산구청 청소행정과,02-2199-7304
106,서울특별시,용산구,일반쓰레기,서울특별시 용산구 이태원동 673,경리단 삼거리(보금사),용산구청 청소행정과,02-2199-7304
107,서울특별시,용산구,일반쓰레기,서울특별시 용산구 이태원동 671,경리단입구 3호터널방향 GS25,용산구청 청소행정과,02-2199-7304
108,서울특별시,용산구,일반쓰레기,서울특별시 용산구 한남동 726-494,한강진역 1번출구 앞 (용산국제학교입구),용산구청 청소행정과,02-2199-7304
109,서울특별시,용산구,일반쓰레기,서울특별시 용산구 후암동 406-97,대한민국고엽제전우회 앞,용산구청 청소행정과,02-2199-7304
110,서울특별시,용산구,일반쓰레기,서울특별시 용산구 보광동 238-98,한국폴리텍1대학 버스정류장(03-281),용산구청 청소행정과,02-2199-7304
111,서울특별시,용산구,일반쓰레기,서울특별시 용산구 한남동 726-420,도이치모터스(BMW) 매장 앞,용산구청 청소행정과,02-2199-7304
112,서울특별시,용산구,일반쓰레기,서울특별시 용산구 용산동2가 7-116 ,녹사평역 1번출구 앞 마을버스정류장(03-524),용산구청 청소행정과,02-2199-7304
113,서울특별시,용산구,일반쓰레기,서울특별시 용산구 한남동 657-59,순천향 병원 진출로 옆 인도 연구동쪽 ,용산구청 청소행정과,02-2199-7304
114,서울특별시,용산구,일반쓰레기,서울특별시 용산구 한남동 638-2,순천향대병원 앞 택시정류장 ,용산구청 청소행정과,02-2199-7304
115,서울특별시,용산구,일반쓰레기,서울특별시 용산구 한강로3가 16-3 ,성촌공원 포르쉐센터 버스정류장(03-288),용산구청 청소행정과,02-2199-7304
116,서울특별시,용산구,일반쓰레기,서울특별시 용산구 이촌동 302-61 ,이촌1동 충신교회 앞 버스정류장(03-216) ,용산구청 청소행정과,02-2199-7304
117,서울특별시,용산구,일반쓰레기,서울특별시 용산구 한강로2가 250-1,콩나물국밥 시루향기 24시 횡단보도 앞 ,용산구청 청소행정과,02-2199-7304
118,서울특별시,용산구,일반쓰레기,서울특별시 용산구 청파동3가 12-4,청파로 250(남영역03-230버스정류장옆) 앞 횡단보도,용산구청 청소행정과,02-2199-7304
119,서울특별시,용산구,일반쓰레기,서울특별시 용산구 후암동 406-97,대한민국고엽제전우회 남쪽 50m,용산구청 청소행정과,02-2199-7304
120,서울특별시,용산구,일반쓰레기,서울특별시 용산구 용산동4가 1-1 ,녹사평역 3번 출구 앞(직진2-3미터횡단보도 앞 ) ,용산구청 청소행정과,02-2199-7304
121,서울특별시,용산구,일반쓰레기,서울특별시 용산구 용산동4가 1-1 ,녹사평역 3번 출구 앞(직진2-3미터횡단보도 앞 ) ,용산구청 청소행정과,02-2199-7304
122,서울특별시,용산구,일반쓰레기,서울특별시 용산구 이태원동 34-114,이태원입구 공중화장실 앞 ,용산구청 청소행정과,02-2199-7304
123,서울특별시,용산구,일반쓰레기,서울특별시 용산구 이태원동 34-114,이태원입구 공중화장실 앞 ,용산구청 청소행정과,02-2199-7304
124,서울특별시,용산구,일반쓰레기,서울특별시 용산구 이태원동 57-30,이태원시장 버스정류장(03-189) 맥도날드 앞,용산구청 청소행정과,02-2199-7304
125,서울특별시,용산구,일반쓰레기,서울특별시 용산구 이태원동 57-30,이태원시장 버스정류장(03-189) 맥도날드 앞,용산구청 청소행정과,02-2199-7304
126,서울특별시,용산구,일반쓰레기,서울특별시 용산구 이태원동 176-2,이태원시장 버스정류장(03-188) ,용산구청 청소행정과,02-2199-7304
127,서울특별시,용산구,일반쓰레기,서울특별시 용산구 이태원동 176-2,이태원시장 버스정류장(03-188) ,용산구청 청소행정과,02-2199-7304
128,서울특별시,용산구,일반쓰레기,서울특별시 용산구 이태원동 58-8,국제아케이드건물 앞 횡단보도,용산구청 청소행정과,02-2199-7304
129,서울특별시,용산구,일반쓰레기,서울특별시 용산구 이태원동 58-8,국제아케이드건물 앞 횡단보도,용산구청 청소행정과,02-2199-7304
130,서울특별시,용산구,일반쓰레기,서울특별시 용산구 이태원동 168-17,ABC마트(신발가게) 앞,용산구청 청소행정과,02-2199-7304
131,서울특별시,용산구,일반쓰레기,서울특별시 용산구 이태원동 168-17,ABC마트(신발가게) 앞,용산구청 청소행정과,02-2199-7304
132,서울특별시,용산구,일반쓰레기,서울특별시 용산구 이태원동 72-35 ,신의주순대 앞 횡단보도 ,용산구청 청소행정과,02-2199-7304
133,서울특별시,용산구,일반쓰레기,서울특별시 용산구 이태원동 72-35 ,신의주순대 앞 횡단보도 ,용산구청 청소행정과,02-2199-7304
134,서울특별시,용산구,일반쓰레기,서울특별시 용산구 이태원동 119-11,해밀턴호텔 버스정류장(03-190) ,용산구청 청소행정과,02-2199-7304
135,서울특별시,용산구,일반쓰레기,서울특별시 용산구 이태원동 119-11,해밀턴호텔 버스정류장(03-190) ,용산구청 청소행정과,02-2199-7304
136,서울특별시,용산구,일반쓰레기,서울특별시 용산구 이태원동 108-9,이태원역 2번 출구 (해밀턴호텔정문 앞 횡단보도) ,용산구청 청소행정과,02-2199-7304
137,서울특별시,용산구,일반쓰레기,서울특별시 용산구 이태원동 108-9,이태원역 2번 출구 (해밀턴호텔정문 앞 횡단보도) ,용산구청 청소행정과,02-2199-7304
138,서울특별시,용산구,일반쓰레기,서울특별시 용산구 이태원동 127-12,이태원역 3번 출구 (올리브영 횡단보도 앞) ,용산구청 청소행정과,02-2199-7304
139,서울특별시,용산구,일반쓰레기,서울특별시 용산구 이태원동 127-12,이태원역 3번 출구 (올리브영 횡단보도 앞) ,용산구청 청소행정과,02-2199-7304
140,서울특별시,용산구,일반쓰레기,서울특별시 용산구 이태원동 123-26,무신사 앞 횡단보도 ,용산구청 청소행정과,02-2199-7304
141,서울특별시,용산구,일반쓰레기,서울특별시 용산구 이태원동 123-26,무신사 앞 횡단보도,용산구청 청소행정과,02-2199-7304
142,서울특별시,용산구,일반쓰레기,서울특별시 용산구 이태원동 124-9,이태원 119 안전센터 버스정류장(03-192),용산구청 청소행정과,02-2199-7304
143,서울특별시,용산구,일반쓰레기,서울특별시 용산구 이태원동 124-9,이태원 119 안전센터 버스정류장(03-192),용산구청 청소행정과,02-2199-7304
144,서울특별시,용산구,일반쓰레기,서울특별시 용산구 한남동 736-1,제일기획 앞 횡단보도 ,용산구청 청소행정과,02-2199-7304
145,서울특별시,용산구,일반쓰레기,서울특별시 용산구 한남동 736-1,제일기획 앞 횡단보도,용산구청 청소행정과,02-2199-7304
146,서울특별시,용산구,일반쓰레기,서울특별시 용산구 한남동 683-130,스타벅스 리저브 앞,용산구청 청소행정과,02-2199-7304
147,서울특별시,용산구,일반쓰레기,서울특별시 용산구 한남동 683-130,스타벅스 리저브 앞,용산구청 청소행정과,02-2199-7304
148,서울특별시,용산구,일반쓰레기,서울특별시 용산구 한남동 739-1,삼성미술관 리움 택시정류장(폭스바겐건너편),용산구청 청소행정과,02-2199-7304
149,서울특별시,용산구,일반쓰레기,서울특별시 용산구 한남동 739-16,한남동주민센터 버스정류장(03-194),용산구청 청소행정과,02-2199-7304
150,서울특별시,용산구,일반쓰레기,서울특별시 용산구 이태원동 34-16 ,이태원광장 녹사평역방향 횡단보도(좌측),용산구청 청소행정과,02-2199-7304
151,서울특별시,용산구,일반쓰레기,서울특별시 용산구 이태원동 34-16 ,이태원광장 녹사평역방향 횡단보도(좌측),용산구청 청소행정과,02-2199-7304
152,서울특별시,용산구,일반쓰레기,서울특별시 용산구 이태원동 34-87,용산구청 셔틀버스 정류장 아트홀 입구,용산구청 청소행정과,02-2199-7304
153,서울특별시,용산구,일반쓰레기,서울특별시 용산구 이태원동 34-87,용산구청 셔틀버스 정류장 아트홀 입구 ,용산구청 청소행정과,02-2199-7304
154,서울특별시,용산구,일반쓰레기,서울특별시 용산구 이태원동 130-50,보광동입구(한국폴리텍1대학방면) 버스정류장(03-283),용산구청 청소행정과,02-2199-7304
155,서울특별시,용산구,일반쓰레기,서울특별시 용산구 이태원동 130-50,보광동입구(한국폴리텍1대학방면) 버스정류장(03-283) ,용산구청 청소행정과,02-2199-7304
156,서울특별시,용산구,일반쓰레기,서울특별시 용산구 한남동 727-56,한강진역 블루스퀘어 버스정류장(03-197) ,용산구청 청소행정과,02-2199-7304
157,서울특별시,용산구,일반쓰레기,서울특별시 용산구 한남동 727-56,한강진역 블루스퀘어 버스정류장(03-197) ,용산구청 청소행정과,02-2199-7304
158,서울특별시,용산구,일반쓰레기,서울특별시 용산구 한남동 707-10,순천향대학병원(블루스퀘어방면) 버스정류장(03-162),용산구청 청소행정과,02-2199-7304
159,서울특별시,용산구,일반쓰레기,서울특별시 용산구 한남동 707-10,순천향대학병원(블루스퀘어방면) 버스정류장(03-162),용산구청 청소행정과,02-2199-7304
160,서울특별시,용산구,일반쓰레기,서울특별시 용산구 한남동 705-10,순천향대학병원(서초IC방면) 버스정류장(03-164) ,용산구청 청소행정과,02-2199-7304
161,서울특별시,용산구,일반쓰레기,서울특별시 용산구 한남동 705-10,순천향대학병원(서초IC방면) 버스정류장(03-164) ,용산구청 청소행정과,02-2199-7304
162,서울특별시,용산구,일반쓰레기,서울특별시 용산구 한남동 705-10,순천향대학병원(서초IC방면) 버스정류장(03-164) ,용산구청 청소행정과,02-2199-7304
163,서울특별시,용산구,일반쓰레기,서울특별시 용산구 한남동 705-10,순천향대학병원(서초IC방면) 버스정류장(03-164) ,용산구청 청소행정과,02-2199-7304
164,서울특별시,용산구,일반쓰레기,서울특별시 용산구 한남동 705-9,순천향대학병원 한남오거리(신사역방면) 버스정류장(03-165),용산구청 청소행정과,02-2199-7304
165,서울특별시,용산구,일반쓰레기,서울특별시 용산구 한남동 705-9,순천향대학병원 한남오거리(신사역방면) 버스정류장(03-165),용산구청 청소행정과,02-2199-7304
166,서울특별시,용산구,일반쓰레기,서울특별시 용산구 한남동 76-16,한남오거리 하나은행 앞 횡단보도,용산구청 청소행정과,02-2199-7304
167,서울특별시,용산구,일반쓰레기,서울특별시 용산구 한남동 76-16,한남오거리 하나은행 앞 횡단보도 ,용산구청 청소행정과,02-2199-7304
168,서울특별시,용산구,일반쓰레기,서울특별시 용산구 한강로3가 65-523,한강대교북단(신용산방면) 중앙버스정류장(도심 03-001) ,용산구청 청소행정과,02-2199-7304
169,서울특별시,용산구,일반쓰레기,서울특별시 용산구 한강로3가 65-522,한강대교북단(노들섬방면) 중앙버스정류장(외곽 03-002),용산구청 청소행정과,02-2199-7304
170,서울특별시,용산구,일반쓰레기,서울특별시 용산구 한강로2가 357-3,신용산역(KT용산지사방면) 중앙버스정류장(도심 03-003),용산구청 청소행정과,02-2199-7304
171,서울특별시,용산구,일반쓰레기,서울특별시 용산구 한강로2가 352-4,신용산역(한강대교북단방면) 중앙버스정류장(외곽 03-004),용산구청 청소행정과,02-2199-7304
172,서울특별시,용산구,일반쓰레기,서울특별시 용산구 한강로2가 352-4,신용산역(한강대교북단방면) 중앙버스정류장(외곽 03-004) ,용산구청 청소행정과,02-2199-7304
173,서울특별시,용산구,일반쓰레기,서울특별시 용산구 한강로1가 268-2,삼각지(숙대입구방면) 중앙버스정류장(도심 03-007),용산구청 청소행정과,02-2199-7304
174,서울특별시,용산구,일반쓰레기,서울특별시 용산구 한강로1가 42,삼각지(KT용산지사방면) 중앙버스정류장(외곽 03-008),용산구청 청소행정과,02-2199-7304
175,서울특별시,용산구,일반쓰레기,서울특별시 용산구 한강로1가 42,삼각지(KT용산지사방면) 중앙버스정류장(외곽 03-008),용산구청 청소행정과,02-2199-7304
176,서울특별시,용산구,일반쓰레기,서울특별시 용산구 한강로1가 42,삼각지(KT용산지사방면) 중앙버스정류장(외곽 03-008),용산구청 청소행정과,02-2199-7304
177,서울특별시,용산구,일반쓰레기,서울특별시 용산구 갈월동 97-1,숙명여대(갈월동방면) 중앙버스정류장(도심 03-009),용산구청 청소행정과,02-2199-7304
178,서울특별시,용산구,일반쓰레기,서울특별시 용산구 갈월동 87-25,숙명여대(삼각지역방면) 중앙버스정류장(외곽 03-010),용산구청 청소행정과,02-2199-7304
179,서울특별시,용산구,일반쓰레기,서울특별시 용산구 동자동 14-3,갈월동(서울역버스환승센터방면) 중앙버스정류장 (도심 03-011),용산구청 청소행정과,02-2199-7304
180,서울특별시,용산구,일반쓰레기,서울특별시 용산구 동자동 43-212,갈월동(숙대입구방면) 중앙버스정류장 (외곽 03-012),용산구청 청소행정과,02-2199-7304
181,서울특별시,용산구,일반쓰레기,서울특별시 용산구 용산동2가 48-1,이태원2동 용산한신아파트 앞(해방촌방면) 버스정류장(03-150),용산구청 청소행정과,02-2199-7304
182,서울특별시,용산구,일반쓰레기,서울특별시 용산구 용산동2가 48-1,이태원2동 용산한신아파트 앞(해방촌방면) 버스정류장(03-150) ,용산구청 청소행정과,02-2199-7304
183,서울특별시,용산구,일반쓰레기,서울특별시 용산구 한강로1가 120-2 ,삼각지(보훈청방향)평양집 앞 공원쉼터 ,용산구청 청소행정과,02-2199-7304
184,서울특별시,용산구,일반쓰레기,서울특별시 용산구 한강로1가 120-2 ,삼각지(보훈청방향)평양집 앞 공원쉼터 ,용산구청 청소행정과,02-2199-7304
185,서울특별시,용산구,일반쓰레기,서울특별시 용산구 용산동3가 1-96,국방부 앞 버스정류장(삼각지어린이공원)(03-185) ,용산구청 청소행정과,02-2199-7304
186,서울특별시,용산구,재활용쓰레기,서울특별시 용산구 용산동3가 1-96,국방부 앞 버스정류장(삼각지어린이공원)(03-185) ,용산구청 청소행정과,02-2199-7304
187,서울특별시,용산구,일반쓰레기,서울특별시 용산구 용산동1가 8-65,전쟁기념관(용산보건분소방면) 버스정류장(03-184),용산구청 청소행정과,02-2199-7304
188,서울특별시,용산구,재활용쓰레기,서울특별시 용산구 용산동1가 8-65,전쟁기념관(용산보건분소방면) 버스정류장(03-184) ,용산구청 청소행정과,02-2199-7304
189,서울특별시,용산구,일반쓰레기,서울특별시 용산구 용산동2가 6-6,녹사평역 1번출구 앞 버스정류장(03-186) ,용산구청 청소행정과,02-2199-7304
190,서울특별시,용산구,일반쓰레기,서울특별시 용산구 용산동2가 6-6,녹사평역 1번출구 앞 버스정류장(03-186) ,용산구청 청소행정과,02-2199-7304
191,서울특별시,용산구,일반쓰레기,서울특별시 용산구 용산동4가 4,녹사평역 4번출구 앞 버스정류장(03-187) ,용산구청 청소행정과,02-2199-7304
192,서울특별시,용산구,재활용쓰레기,서울특별시 용산구 용산동4가 4,녹사평역 4번출구 앞 버스정류장(03-187) ,용산구청 청소행정과,02-2199-7304
193,서울특별시,용산구,일반쓰레기,서울특별시 용산구 한강로3가 40-999,용산역 버스정류장(03-255)(용산역 앞 광장) ,용산구청 청소행정과,02-2199-7304
194,서울특별시,용산구,일반쓰레기,서울특별시 용산구 한강로3가 40-999,용산역 버스정류장(03-255)(용산역 앞 광장),용산구청 청소행정과,02-2199-7304
195,서울특별시,용산구,일반쓰레기,서울특별시 용산구 한강로2가 423-5,용산역광장 앞(신용산지하차도방면) 버스정류장(03-258),용산구청 청소행정과,02-2199-7304
196,서울특별시,용산구,일반쓰레기,서울특별시 용산구 한강로1가 14-29,삼각지역11번출구 버스정류장(03-328남영역방면)(용산역파출소옆),용산구청 청소행정과,02-2199-7304
197,서울특별시,용산구,일반쓰레기,서울특별시 용산구 서빙고동 235-115,서빙고역 교차로 버스정류장(03-267 서빙고역건너편),용산구청 청소행정과,02-2199-7304
198,서울특별시,용산구,일반쓰레기,서울특별시 용산구 서빙고동 235-75,서빙고역 1번출구 버스정류장(03-157 서빙고역 앞),용산구청 청소행정과,02-2199-7304
199,서울특별시,용산구,일반쓰레기,서울특별시 용산구 서빙고동 235-1,서빙고초등학교 앞 버스정류장(03-268 GS편의점) ,용산구청 청소행정과,02-2199-7304
200,서울특별시,용산구,일반쓰레기,서울특별시 용산구 원효로4가 113-54 ,원효대교 북단 버스정류장(03-331 삼구빌딩 건너편) ,용산구청 청소행정과,02-2199-7304
201,서울특별시,용산구,일반쓰레기,서울특별시 용산구 남영동 24-1,숙대입구역 5번출구 마을버스정류장(03-565 하나은행숙대입구역지점 앞),용산구청 청소행정과,02-2199-7304
202,서울특별시,용산구,일반쓰레기,서울특별시 용산구 갈월동 14-58,갈월동 마을버스정류장(03-568 삼성디지털 서비스센터 옆),용산구청 청소행정과,02-2199-7304
203,서울특별시,용산구,일반쓰레기,서울특별시 용산구 갈월동 69-109,갈월동 4호선 숙대입구 버스정류장(03-327 여행박사 앞),용산구청 청소행정과,02-2199-7304
204,서울특별시,용산구,일반쓰레기,서울특별시 용산구 갈월동 90-5,남영역 횡단보도 앞 ,용산구청 청소행정과,02-2199-7304
205,서울특별시,용산구,일반쓰레기,서울특별시 용산구 신창동 56-68,신창제일교회(리버힐삼성아파트 GS편의점 횡단보도) 앞,용산구청 청소행정과,02-2199-7304
206,서울특별시,용산구,일반쓰레기,서울특별시 용산구 원효로2가 96-1,용산전자상가입구 버스정류장(03-250),용산구청 청소행정과,02-2199-7304
207,서울특별시,용산구,일반쓰레기,서울특별시 용산구 원효로1가 23-3,용산 꿈나무 종합타운 보건분소 버스정류장(03-181),용산구청 청소행정과,02-2199-7304
208,서울특별시,용산구,일반쓰레기,서울특별시 용산구 한남동 533-2,한남나들목(A) 출입구 앞 ,용산구청 청소행정과,02-2199-7304
209,서울특별시,용산구,일반쓰레기,서울특별시 용산구 한남동 557-58,한남나들목(B) 출입구 앞,용산구청 청소행정과,02-2199-7304
210,서울특별시,용산구,일반쓰레기,서울특별시 용산구 남영동 131-1,한강대로 크라운해태 건너편 USO건너편인도,용산구청 청소행정과,02-2199-7304
211,서울특별시,용산구,일반쓰레기,서울특별시 용산구 남영동 131-1,한강대로 크라운해태 건너편 USO건너편인도,용산구청 청소행정과,02-2199-7304
212,서울특별시,용산구,일반쓰레기,서울특별시 용산구 갈월동 63-1,한강대로 숙대입구역 2번출구 앞 ,용산구청 청소행정과,02-2199-7304
213,서울특별시,용산구,일반쓰레기,서울특별시 용산구 갈월동 63-1,한강대로 숙대입구역 2번출구 앞 ,용산구청 청소행정과,02-2199-7304
214,서울특별시,용산구,일반쓰레기,서울특별시 용산구 갈월동 71-37 ,한강대로 갈월동 청파동 입구교차로(쌍굴다리)안 공원(갑을빌딩 맞은편),용산구청 청소행정과,02-2199-7304
215,서울특별시,용산구,일반쓰레기,서울특별시 용산구 갈월동 71-37 ,한강대로 갈월동 청파동 입구교차로(쌍굴다리)안 공원(갑을빌딩 맞은편),용산구청 청소행정과,02-2199-7304
216,서울특별시,용산구,일반쓰레기,서울특별시 용산구 갈월동 92-12,남영삼거리 동원부동산 앞 횡단보도(고려빌딩 건너편),용산구청 청소행정과,02-2199-7304
217,서울특별시,용산구,일반쓰레기,서울특별시 용산구 갈월동 92-12,남영삼거리 동원부동산 앞 횡단보도(고려빌딩 건너편),용산구청 청소행정과,02-2199-7304
218,서울특별시,용산구,일반쓰레기,서울특별시 용산구 한강로2가 181-2,신용산역 삼거리 횡단보도 앞(신용산역 5번출구 뒷편) ,용산구청 청소행정과,02-2199-7304
219,서울특별시,용산구,일반쓰레기,서울특별시 용산구 한강로2가 181-2,신용산역 삼거리 횡단보도 앞(신용산역 5번출구 뒷편),용산구청 청소행정과,02-2199-7304
220,서울특별시,용산구,일반쓰레기,서울특별시 용산구 한강로3가 30-134,용산역 앞 교차로 아우디한강대로전시장 앞 횡단보도 ,용산구청 청소행정과,02-2199-7304
221,서울특별시,용산구,일반쓰레기,서울특별시 용산구 한강로3가 30-134,용산역 앞 교차로 아우디한강대로전시장 앞 횡단보도 ,용산구청 청소행정과,02-2199-7304
222,서울특별시,용산구,일반쓰레기,서울특별시 용산구 한남동 727-35,서울시중부기술교육원 블루스퀘어(순천향대학병원 한남오거리방면)(03161),용산구청 청소행정과,02-2199-7304
223,서울특별시,용산구,일반쓰레기,서울특별시 용산구 한남동 727-35,서울시중부기술교육원 블루스퀘어(순천향대학병원 한남오거리방면)(03161),용산구청 청소행정과,02-2199-7304
224,서울특별시,용산구,일반쓰레기,서울특별시 용산구 서빙고동 10-2 ,한강중학교(금호베스트빌 앞 방면)버스정류장(03-269),용산구청 청소행정과,02-2199-7304
225,서울특별시,용산구,일반쓰레기,서울특별시 용산구 동빙고동 170-1 ,동빙고동(한남역 용산노인종합복지관방면)버스정류장(03-274),용산구청 청소행정과,02-2199-7304
226,서울특별시,용산구,일반쓰레기,서울특별시 용산구 이태원동 666,이태원동남산대림아파트 용산동아파트(114공인중개사사무소 앞) 버스정류장(03-149),용산구청 청소행정과,02-2199-7304
227,서울특별시,용산구,일반쓰레기,서울특별시 용산구 원효로3가 51-54,용산전자상가 전자랜드(원효대교북단방면)버스정류장(03-137),용산구청 청소행정과,02-2199-7304
228,서울특별시,용산구,일반쓰레기,서울특별시 용산구 원효로4가 141,원효2동산호아파트(청암동강변삼성아파트방면)버스정류장(03-300),용산구청 청소행정과,02-2199-7304
229,서울특별시,용산구,일반쓰레기,서울특별시 용산구 용문동 5-222 ,백범로 효창공원역4번출구 앞 횡단보도 ,용산구청 청소행정과,02-2199-7304
230,서울특별시,용산구,일반쓰레기,서울특별시 용산구 원효로1가 112-10,BMW 한독모터스용산전시장 횡단보도 앞,용산구청 청소행정과,02-2199-7304
231,서울특별시,용산구,일반쓰레기,서울특별시 용산구 남영동 18-3,"숙대입구역 3, 4번 출구 앞(군선도가게 앞) ",용산구청 청소행정과,02-2199-7304
232,서울특별시,용산구,일반쓰레기,서울특별시 용산구 서빙고동 271-106,서빙고신동아아파트/신동아아파트버스정류장(03226) ,용산구청 청소행정과,02-2199-7304
233,서울특별시,용산구,일반쓰레기,서울특별시 용산구 한강로2가 102-1 ,KT용산지사(삼각지방면)중앙버스정류장(도심 03-005),용산구청 청소행정과,02-2199-7304
234,서울특별시,용산구,일반쓰레기,서울특별시 용산구 한강로2가 102-1 ,KT용산지사(삼각지방면)중앙버스정류장(도심 03-005),용산구청 청소행정과,02-2199-7304
235,서울특별시,용산구,일반쓰레기,서울특별시 용산구 한강로2가 102-1 ,KT용산지사(신용산역방면)중앙버스정류장(외곽 03-006) ,용산구청 청소행정과,02-2199-7304
236,서울특별시,용산구,일반쓰레기,서울특별시 용산구 한강로2가 102-1 ,KT용산지사(신용산역방면)중앙버스정류장(외곽 03-006),용산구청 청소행정과,02-2199-7304
237,서울특별시,용산구,일반쓰레기,서울특별시 용산구 한강로2가 420-3 ,용산푸르지오써밋오피스텔 앞 인도 ,용산구청 청소행정과,02-2199-7304
238,서울특별시,용산구,일반쓰레기,서울특별시 용산구 한강로2가 420 ,용산푸르지오써밋오피스텔 앞 인도 ,용산구청 청소행정과,02-2199-7304
239,서울특별시,용산구,일반쓰레기,서울특별시 용산구 한강로3가 16-26,용산전자상가 전자랜드(용산전자상가12동방면)버스정류장(03136) ,용산구청 청소행정과,02-2199-7304
240,서울특별시,용산구,일반쓰레기,서울특별시 용산구 한강로3가 3-44,신용산지하차도(용산전자상가입구방면)버스정류장(03251),용산구청 청소행정과,02-2199-7304
241,서울특별시,용산구,일반쓰레기,서울특별시 용산구 원효로1가 133-3,용산꿈나무종합타운(용산경찰서방면),용산구청 청소행정과,02-2199-7304
242,서울특별시,용산구,일반쓰레기,서울특별시 용산구 문배동 8-3,문배동이안아파트 앞(문배어린이공원방면)버스정류장(03332) ,용산구청 청소행정과,02-2199-7304
243,서울특별시,용산구,일반쓰레기,서울특별시 용산구 효창동 126-22,금양초등학교 앞 횡단보도 ,용산구청 청소행정과,02-2199-7304
244,서울특별시,용산구,일반쓰레기,서울특별시 용산구 효창동 5-36,국민은행효창동지점(숙명여대정문방면)버스정류장(03240),용산구청 청소행정과,02-2199-7304
245,서울특별시,용산구,일반쓰레기,서울특별시 용산구 청파동2가 134-5 ,숙명여대후문 이봉창활동터(효창공원후문방면)버스정류장(03235),용산구청 청소행정과,02-2199-7304
246,서울특별시,용산구,일반쓰레기,서울특별시 용산구 서계동 217-12 ,서부역건너편 미니스톱서울역점 횡단보도 앞,용산구청 청소행정과,02-2199-7304
247,서울특별시,용산구,일반쓰레기,서울특별시 용산구 용산동5가 19-1 ,용산세무서(용산공고방면) 버스정류장((03262) ,용산구청 청소행정과,02-2199-7304
248,서울특별시,용산구,일반쓰레기,서울특별시 용산구 한강로3가 65-503,기능장애인협회용산지부 앞 횡단보도 ,용산구청 청소행정과,02-2199-7304
249,서울특별시,용산구,일반쓰레기,서울특별시 용산구 서빙고동 199-5,GS25용산서빙고점(서빙고초등학교) 앞 횡단보도 ,용산구청 청소행정과,02-2199-7304
250,서울특별시,용산구,일반쓰레기,서울특별시 용산구 용산동4가 10-4 ,녹사평역3번출구 200M전방(용산구청방향) 횡단보도 ,용산구청 청소행정과,02-2199-7304
251,서울특별시,용산구,일반쓰레기,서울특별시 용산구 용산동4가 19-2 ,미군부대정문 앞 횡단보도(한강중학교방면) ,용산구청 청소행정과,02-2199-7304
252,서울특별시,용산구,일반쓰레기,서울특별시 용산구 서빙고동 4-137 ,금호베스트빌 앞(서빙고초등학교방면)버스정류장(03270) ,용산구청 청소행정과,02-2199-7304
253,서울특별시,용산구,일반쓰레기,서울특별시 용산구 한강로3가 40-17,KY빌딩 앞 횡단보도 ,용산구청 청소행정과,02-2199-7304
254,서울특별시,용산구,일반쓰레기,서울특별시 용산구 한남동 736-11,이태원랜드 앞 횡단보도 ,용산구청 청소행정과,02-2199-7304
255,서울특별시,용산구,일반쓰레기,서울특별시 용산구 한남동 736-8,한남동 대성표구사 앞,용산구청 청소행정과,02-2199-7304
256,서울특별시,용산구,일반쓰레기,서울특별시 용산구 한남동 739-16,한남동주민센터 버스정류장(03194),용산구청 청소행정과,02-2199-7304
257,서울특별시,용산구,일반쓰레기,서울특별시 용산구 한남동 737-4,제일기획건너편(이태원 천상) ,용산구청 청소행정과,02-2199-7304
258,서울특별시,용산구,일반쓰레기,서울특별시 용산구 후암동 175-9 ,남영동주민센터(남영우체국방면)버스정류장(03206) ,용산구청 청소행정과,02-2199-7304
259,서울특별시,용산구,일반쓰레기,서울특별시 용산구 이촌동 212-22,성촌공원 포르쉐센터용산(이촌2동쥔센터방면)버스정류장(03-289),용산구청 청소행정과,02-2199-7304
260,서울특별시,용산구,일반쓰레기,서울특별시 용산구 이촌동 300-301,강촌아파트 신용산초등학교(이촌동점보아파트방면)버스정류장(03-220),용산구청 청소행정과,02-2199-7304
261,서울특별시,용산구,일반쓰레기,서울특별시 용산구 동자동 44-6,한국철도공사(코레일서울본부) 앞 모범택시정류장 ,용산구청 청소행정과,02-2199-7304
262,서울특별시,용산구,일반쓰레기,서울특별시 용산구 동자동 43-19,서울통역학원 앞 횡단보도,용산구청 청소행정과,02-2199-7304
263,서울특별시,용산구,일반쓰레기,서울특별시 용산구 이태원동 124-5,이태원 지샥 패션잡화점 횡단보도 앞,용산구청 청소행정과,02-2199-7304
264,서울특별시,용산구,일반쓰레기,서울특별시 용산구 서빙고동 235-11 ,서빙고초등학교 담벽 가로등주변(남영비비안 본사 건너편),용산구청 청소행정과,02-2199-7304
265,서울특별시,용산구,일반쓰레기,서울특별시 용산구 한강로2가 420-3 ,용산푸르지오써밋오피스텔 정문 앞 인도,용산구청 청소행정과,02-2199-7304
266,서울특별시,용산구,일반쓰레기,서울특별시 용산구 효창동 3-292,숙명여대 도서관 앞 버스정류장(03-231),용산구청 청소행정과,02-2199-7304
267,서울특별시,용산구,재활용쓰레기,서울특별시 용산구 용산동2가 7-116,해방촌입구 버스정류장(03-151),용산구청 청소행정과,02-2199-7304
268,서울특별시,용산구,일반쓰레기,서울특별시 용산구 이태원동 128-9,이태원역 4번출구 버스정류장(03-191),용산구청 청소행정과,02-2199-7304
269,서울특별시,용산구,일반쓰레기,서울특별시 용산구 보광동 217-23,보광동주민센터 버스정류장(03-278),용산구청 청소행정과,02-2199-7304
270,서울특별시,용산구,일반쓰레기,서울특별시 용산구 한남동 262-1,청산빌딩 앞 버스정류장(03-212),용산구청 청소행정과,02-2199-7304
271,서울특별시,용산구,일반쓰레기,서울특별시 용산구 한남동 522-1,독서당로 한남주차장 앞 버스정류장(03-286),용산구청 청소행정과,02-2199-7304
272,서울특별시,용산구,일반쓰레기,서울특별시 용산구 한남동 726-465,한남대로 오일뱅크 버스정류장(03-158),용산구청 청소행정과,02-2199-7304
273,서울특별시,용산구,일반쓰레기,서울특별시 용산구 이촌동 301-10,신용산초등학교 버스정류장(03-219),용산구청 청소행정과,02-2199-7304
274,서울특별시,용산구,일반쓰레기,서울특별시 용산구 원효로2가 27-3,남정초등학교 앞 버스정류장(03-143),용산구청 청소행정과,02-2199-7304
275,서울특별시,용산구,일반쓰레기,서울특별시 용산구 후암동 262-3,후암동 종점 버스정류장(03-204),용산구청 청소행정과,02-2199-7304
276,서울특별시,용산구,일반쓰레기,서울특별시 용산구 남영동 3-4,남영동우체국 앞 버스정류장(03-208),용산구청 청소행정과,02-2199-7304
277,서울특별시,용산구,일반쓰레기,서울특별시 용산구 서계동 267-14,만리동고개 버스정류장(03-227),용산구청 청소행정과,02-2199-7304
278,서울특별시,용산구,일반쓰레기,서울특별시 용산구 효창동 251-3,효창공원역 앞 1번출구,용산구청 청소행정과,02-2199-7304
279,서울특별시,용산구,일반쓰레기,서울특별시 용산구 청파동2가 64-18,청파순복음교회 앞 버스정류장(03-232),용산구청 청소행정과,02-2199-7304
280,서울특별시,용산구,일반쓰레기,서울특별시 용산구 문배동 11-25,한국SGI 용산문화회관 앞,용산구청 청소행정과,02-2199-7304
281,서울특별시,용산구,일반쓰레기,서울특별시 용산구 이태원동 22-44,보광로삼거리 세븐일레븐 이태원청화점 앞,용산구청 청소행정과,02-2199-7304
